{
   "dashboards": [{
      "autoswitchEnabled": false,
      "columnCount": 1,
      "columnProportion": "1-1",
      "creationTime": 1658435980220,
      "dashboardNavigations": {},
      "description": "",
      "disabled": false,
      "gridsterMaxColumns": 12,
      "hidden": false,
      "homeTab": false,
      "id": "1072eba8-1eb3-43fa-aa26-3d936bc11acc",
      "importAttempts": 0,
      "importComplete": true,
      "lastUpdateTime": 1658436134071,
      "lastUpdateUserId": "997b53f9-2cf0-4515-b37f-0587f7b6cba8",
      "locked": false,
      "name": "VMignite.com - VM Appliance Monitoring 22.07",
      "rank": 0,
      "shared": false,
      "states": [{
         "key": "permDashboardTime_dashboard_1072eba8-1eb3-43fa-aa26-3d936bc11acc",
         "value": "o%3AdateRange%3Ds%253Alast24Hour%5EdateRangeText%3Ds%253A24H"
      }],
      "temporary": false,
      "userId": "997b53f9-2cf0-4515-b37f-0587f7b6cba8",
      "widgetInteractions": [
         {
            "type": "resourceId",
            "widgetIdProvider": "9b034244-ccb9-4863-9611-b914eaae65a7",
            "widgetIdReceiver": "d04bd376-86f6-4e5a-aa9c-93376d54d108"
         },
         {
            "type": "resourceId",
            "widgetIdProvider": "9b034244-ccb9-4863-9611-b914eaae65a7",
            "widgetIdReceiver": "a75674da-0e20-4a8d-8b4c-6c35445b5a83"
         },
         {
            "type": "resourceId",
            "widgetIdProvider": "1a6d469c-57d7-4bcd-be81-620ca010b56e",
            "widgetIdReceiver": "d04bd376-86f6-4e5a-aa9c-93376d54d108"
         },
         {
            "type": "resourceId",
            "widgetIdProvider": "1a6d469c-57d7-4bcd-be81-620ca010b56e",
            "widgetIdReceiver": "a75674da-0e20-4a8d-8b4c-6c35445b5a83"
         },
         {
            "type": "resourceId",
            "widgetIdProvider": "07e15c53-a543-489d-85fc-1f1c1738bc46",
            "widgetIdReceiver": "d04bd376-86f6-4e5a-aa9c-93376d54d108"
         },
         {
            "type": "resourceId",
            "widgetIdProvider": "07e15c53-a543-489d-85fc-1f1c1738bc46",
            "widgetIdReceiver": "a75674da-0e20-4a8d-8b4c-6c35445b5a83"
         },
         {
            "type": "resourceId",
            "widgetIdProvider": "abb0525e-3308-4723-b512-e0349d0e76d7",
            "widgetIdReceiver": "d04bd376-86f6-4e5a-aa9c-93376d54d108"
         },
         {
            "type": "resourceId",
            "widgetIdProvider": "abb0525e-3308-4723-b512-e0349d0e76d7",
            "widgetIdReceiver": "a75674da-0e20-4a8d-8b4c-6c35445b5a83"
         },
         {
            "type": "resourceId",
            "widgetIdProvider": "52568a1e-05a8-4333-8f43-a7d3c38c9449",
            "widgetIdReceiver": "d04bd376-86f6-4e5a-aa9c-93376d54d108"
         },
         {
            "type": "resourceId",
            "widgetIdProvider": "52568a1e-05a8-4333-8f43-a7d3c38c9449",
            "widgetIdReceiver": "a75674da-0e20-4a8d-8b4c-6c35445b5a83"
         },
         {
            "type": "resourceId",
            "widgetIdProvider": "b49a5ddd-067b-48f6-a79a-fa3360404674",
            "widgetIdReceiver": "d04bd376-86f6-4e5a-aa9c-93376d54d108"
         },
         {
            "type": "resourceId",
            "widgetIdProvider": "b49a5ddd-067b-48f6-a79a-fa3360404674",
            "widgetIdReceiver": "a75674da-0e20-4a8d-8b4c-6c35445b5a83"
         },
         {
            "type": "resourceId",
            "widgetIdProvider": "ece20916-3c56-42da-93c9-29c6932997f4",
            "widgetIdReceiver": "d04bd376-86f6-4e5a-aa9c-93376d54d108"
         },
         {
            "type": "resourceId",
            "widgetIdProvider": "ece20916-3c56-42da-93c9-29c6932997f4",
            "widgetIdReceiver": "a75674da-0e20-4a8d-8b4c-6c35445b5a83"
         },
         {
            "type": "resourceId",
            "widgetIdProvider": "dcd4774a-ee02-4e62-a38d-523a0ce2779a",
            "widgetIdReceiver": "d04bd376-86f6-4e5a-aa9c-93376d54d108"
         },
         {
            "type": "resourceId",
            "widgetIdProvider": "dcd4774a-ee02-4e62-a38d-523a0ce2779a",
            "widgetIdReceiver": "a75674da-0e20-4a8d-8b4c-6c35445b5a83"
         },
         {
            "type": "resourceId",
            "widgetIdProvider": "8aa7c19f-d9d4-4f63-911a-98b9cd273a38",
            "widgetIdReceiver": "d04bd376-86f6-4e5a-aa9c-93376d54d108"
         },
         {
            "type": "resourceId",
            "widgetIdProvider": "8aa7c19f-d9d4-4f63-911a-98b9cd273a38",
            "widgetIdReceiver": "a75674da-0e20-4a8d-8b4c-6c35445b5a83"
         },
         {
            "type": "resourceId",
            "widgetIdProvider": "1934a3a3-c61e-4e53-8fda-bcf3c83a7a23",
            "widgetIdReceiver": "d04bd376-86f6-4e5a-aa9c-93376d54d108"
         },
         {
            "type": "resourceId",
            "widgetIdProvider": "1934a3a3-c61e-4e53-8fda-bcf3c83a7a23",
            "widgetIdReceiver": "a75674da-0e20-4a8d-8b4c-6c35445b5a83"
         },
         {
            "type": "resourceId",
            "widgetIdProvider": "40263e08-82f1-47a2-be91-dec6b72276e6",
            "widgetIdReceiver": "d04bd376-86f6-4e5a-aa9c-93376d54d108"
         },
         {
            "type": "resourceId",
            "widgetIdProvider": "40263e08-82f1-47a2-be91-dec6b72276e6",
            "widgetIdReceiver": "a75674da-0e20-4a8d-8b4c-6c35445b5a83"
         },
         {
            "type": "resourceId",
            "widgetIdProvider": "10aee75e-543d-4032-83c0-29455c241197",
            "widgetIdReceiver": "d04bd376-86f6-4e5a-aa9c-93376d54d108"
         },
         {
            "type": "resourceId",
            "widgetIdProvider": "10aee75e-543d-4032-83c0-29455c241197",
            "widgetIdReceiver": "a75674da-0e20-4a8d-8b4c-6c35445b5a83"
         },
         {
            "type": "resourceId",
            "widgetIdProvider": "642f96e8-cd3f-4fe9-9cc2-d7c7bb695c81",
            "widgetIdReceiver": "d04bd376-86f6-4e5a-aa9c-93376d54d108"
         },
         {
            "type": "resourceId",
            "widgetIdProvider": "642f96e8-cd3f-4fe9-9cc2-d7c7bb695c81",
            "widgetIdReceiver": "a75674da-0e20-4a8d-8b4c-6c35445b5a83"
         },
         {
            "type": "resourceId",
            "widgetIdProvider": "75d20874-2ec2-4b14-a02b-c6cab2ac14bd",
            "widgetIdReceiver": "d04bd376-86f6-4e5a-aa9c-93376d54d108"
         },
         {
            "type": "resourceId",
            "widgetIdProvider": "75d20874-2ec2-4b14-a02b-c6cab2ac14bd",
            "widgetIdReceiver": "a75674da-0e20-4a8d-8b4c-6c35445b5a83"
         },
         {
            "type": "resourceId",
            "widgetIdProvider": "fdae879e-820a-4638-b658-d9b6ad4dae92",
            "widgetIdReceiver": "d04bd376-86f6-4e5a-aa9c-93376d54d108"
         },
         {
            "type": "resourceId",
            "widgetIdProvider": "fdae879e-820a-4638-b658-d9b6ad4dae92",
            "widgetIdReceiver": "a75674da-0e20-4a8d-8b4c-6c35445b5a83"
         },
         {
            "type": "resourceId",
            "widgetIdProvider": "99bac2a7-e6a3-4033-a7ae-3f1078396fb5",
            "widgetIdReceiver": "d04bd376-86f6-4e5a-aa9c-93376d54d108"
         },
         {
            "type": "resourceId",
            "widgetIdProvider": "99bac2a7-e6a3-4033-a7ae-3f1078396fb5",
            "widgetIdReceiver": "a75674da-0e20-4a8d-8b4c-6c35445b5a83"
         },
         {
            "type": "resourceId",
            "widgetIdProvider": "8780ba31-d33e-47a4-bd6f-2e5e6b3c21b5",
            "widgetIdReceiver": "d04bd376-86f6-4e5a-aa9c-93376d54d108"
         },
         {
            "type": "resourceId",
            "widgetIdProvider": "8780ba31-d33e-47a4-bd6f-2e5e6b3c21b5",
            "widgetIdReceiver": "a75674da-0e20-4a8d-8b4c-6c35445b5a83"
         },
         {
            "type": "resourceId",
            "widgetIdProvider": "9b034244-ccb9-4863-9611-b914eaae65a7",
            "widgetIdReceiver": "6b0b7221-8563-479d-98d4-e9621c572633"
         },
         {
            "type": "resourceId",
            "widgetIdProvider": "07e15c53-a543-489d-85fc-1f1c1738bc46",
            "widgetIdReceiver": "6b0b7221-8563-479d-98d4-e9621c572633"
         },
         {
            "type": "resourceId",
            "widgetIdProvider": "1a6d469c-57d7-4bcd-be81-620ca010b56e",
            "widgetIdReceiver": "6b0b7221-8563-479d-98d4-e9621c572633"
         },
         {
            "type": "resourceId",
            "widgetIdProvider": "abb0525e-3308-4723-b512-e0349d0e76d7",
            "widgetIdReceiver": "6b0b7221-8563-479d-98d4-e9621c572633"
         },
         {
            "type": "resourceId",
            "widgetIdProvider": "52568a1e-05a8-4333-8f43-a7d3c38c9449",
            "widgetIdReceiver": "6b0b7221-8563-479d-98d4-e9621c572633"
         },
         {
            "type": "resourceId",
            "widgetIdProvider": "b49a5ddd-067b-48f6-a79a-fa3360404674",
            "widgetIdReceiver": "6b0b7221-8563-479d-98d4-e9621c572633"
         },
         {
            "type": "resourceId",
            "widgetIdProvider": "ece20916-3c56-42da-93c9-29c6932997f4",
            "widgetIdReceiver": "6b0b7221-8563-479d-98d4-e9621c572633"
         },
         {
            "type": "resourceId",
            "widgetIdProvider": "dcd4774a-ee02-4e62-a38d-523a0ce2779a",
            "widgetIdReceiver": "6b0b7221-8563-479d-98d4-e9621c572633"
         },
         {
            "type": "resourceId",
            "widgetIdProvider": "8780ba31-d33e-47a4-bd6f-2e5e6b3c21b5",
            "widgetIdReceiver": "6b0b7221-8563-479d-98d4-e9621c572633"
         },
         {
            "type": "resourceId",
            "widgetIdProvider": "8aa7c19f-d9d4-4f63-911a-98b9cd273a38",
            "widgetIdReceiver": "6b0b7221-8563-479d-98d4-e9621c572633"
         },
         {
            "type": "resourceId",
            "widgetIdProvider": "1934a3a3-c61e-4e53-8fda-bcf3c83a7a23",
            "widgetIdReceiver": "6b0b7221-8563-479d-98d4-e9621c572633"
         },
         {
            "type": "resourceId",
            "widgetIdProvider": "40263e08-82f1-47a2-be91-dec6b72276e6",
            "widgetIdReceiver": "6b0b7221-8563-479d-98d4-e9621c572633"
         },
         {
            "type": "resourceId",
            "widgetIdProvider": "75d20874-2ec2-4b14-a02b-c6cab2ac14bd",
            "widgetIdReceiver": "6b0b7221-8563-479d-98d4-e9621c572633"
         },
         {
            "type": "resourceId",
            "widgetIdProvider": "642f96e8-cd3f-4fe9-9cc2-d7c7bb695c81",
            "widgetIdReceiver": "6b0b7221-8563-479d-98d4-e9621c572633"
         },
         {
            "type": "resourceId",
            "widgetIdProvider": "fdae879e-820a-4638-b658-d9b6ad4dae92",
            "widgetIdReceiver": "6b0b7221-8563-479d-98d4-e9621c572633"
         },
         {
            "type": "resourceId",
            "widgetIdProvider": "99bac2a7-e6a3-4033-a7ae-3f1078396fb5",
            "widgetIdReceiver": "6b0b7221-8563-479d-98d4-e9621c572633"
         },
         {
            "type": "resourceId",
            "widgetIdProvider": "10aee75e-543d-4032-83c0-29455c241197",
            "widgetIdReceiver": "6b0b7221-8563-479d-98d4-e9621c572633"
         }
      ],
      "widgets": [
         {
            "collapsed": false,
            "config": {
               "chartViewItems": [],
               "isUpdatedView": true,
               "refreshContent": {"refreshContent": false},
               "refreshInterval": 300,
               "resource": {
                  "id": "Ext.vcops.chrome.model.Resource-2",
                  "resourceId": "resource:id:0_::_",
                  "resourceKindId": "002006VMWAREvSphere World",
                  "resourceName": "vSphere World",
                  "traversalSpecId": ""
               },
               "selectFirstRow": {"selectFirstRow": false},
               "selfProvider": {"selfProvider": true},
               "title": "vCenter Server",
               "traversalSpecId": null,
               "viewDefinitionId": "c70d1c30-5173-450a-8a6c-bf4a8a77a374"
            },
            "gridsterCoords": {
               "h": 6,
               "w": 12,
               "x": 1,
               "y": 1
            },
            "height": 324,
            "id": "9b034244-ccb9-4863-9611-b914eaae65a7",
            "states": [
               {
                  "key": "permSelectedDate_widget_1072eba8-1eb3-43fa-aa26-3d936bc11acc_9b034244-ccb9-4863-9611-b914eaae65a7",
                  "value": "s%3A%7B%22minType%22%3A%22.TimeIntervalControl%22%2C%22advancedTimeMode%22%3Afalse%2C%22fromTime%22%3Anull%2C%22unit%22%3A%22DAYS%22%2C%22count%22%3A7%2C%22priorUnit%22%3Anull%2C%22priorCount%22%3Anull%2C%22startSubUnit%22%3Anull%2C%22startPeriod%22%3Anull%2C%22toTime%22%3Anull%2C%22endUnit%22%3Anull%2C%22endCount%22%3Anull%2C%22endSubUnit%22%3Anull%2C%22endPeriod%22%3Anull%2C%22isRealTimeData%22%3Anull%2C%22mondayHours%22%3A%5B%5D%2C%22tuesdayHours%22%3A%5B%5D%2C%22wednesdayHours%22%3A%5B%5D%2C%22thursdayHours%22%3A%5B%5D%2C%22fridayHours%22%3A%5B%5D%2C%22saturdayHours%22%3A%5B%5D%2C%22sundayHours%22%3A%5B%5D%7D"
               },
               {
                  "key": "perm_toolbarVisible_widget_1072eba8-1eb3-43fa-aa26-3d936bc11acc_9b034244-ccb9-4863-9611-b914eaae65a7",
                  "value": "b%3A1"
               },
               {
                  "key": "permPageSize_widget_1072eba8-1eb3-43fa-aa26-3d936bc11acc_9b034244-ccb9-4863-9611-b914eaae65a7",
                  "value": "n%3A50"
               }
            ],
            "title": "vCenter Server",
            "type": "View"
         },
         {
            "collapsed": false,
            "config": {
               "chartViewItems": [],
               "isUpdatedView": true,
               "refreshContent": {"refreshContent": false},
               "refreshInterval": 300,
               "resource": {
                  "id": "Ext.vcops.chrome.model.Resource-1",
                  "resourceId": "resource:id:0_::_",
                  "resourceKindId": "002006VMWAREvSphere World",
                  "resourceName": "vSphere World",
                  "traversalSpecId": ""
               },
               "selectFirstRow": {"selectFirstRow": false},
               "selfProvider": {"selfProvider": true},
               "title": "vRealize Operations Manager (vROPS)",
               "traversalSpecId": null,
               "viewDefinitionId": "ac8d3833-3d0f-458a-8fe5-5074ec24c58f"
            },
            "gridsterCoords": {
               "h": 6,
               "w": 12,
               "x": 1,
               "y": 20
            },
            "height": 324,
            "id": "abb0525e-3308-4723-b512-e0349d0e76d7",
            "states": [
               {
                  "key": "perm_toolbarVisible_widget_1072eba8-1eb3-43fa-aa26-3d936bc11acc_abb0525e-3308-4723-b512-e0349d0e76d7",
                  "value": "b%3A1"
               },
               {
                  "key": "permSelectedDate_widget_1072eba8-1eb3-43fa-aa26-3d936bc11acc_abb0525e-3308-4723-b512-e0349d0e76d7",
                  "value": "s%3A%7B%22minType%22%3A%22.TimeIntervalControl%22%2C%22advancedTimeMode%22%3Afalse%2C%22fromTime%22%3Anull%2C%22unit%22%3A%22DAYS%22%2C%22count%22%3A7%2C%22priorUnit%22%3Anull%2C%22priorCount%22%3Anull%2C%22startSubUnit%22%3Anull%2C%22startPeriod%22%3Anull%2C%22toTime%22%3Anull%2C%22endUnit%22%3Anull%2C%22endCount%22%3Anull%2C%22endSubUnit%22%3Anull%2C%22endPeriod%22%3Anull%2C%22isRealTimeData%22%3Anull%2C%22mondayHours%22%3A%5B%5D%2C%22tuesdayHours%22%3A%5B%5D%2C%22wednesdayHours%22%3A%5B%5D%2C%22thursdayHours%22%3A%5B%5D%2C%22fridayHours%22%3A%5B%5D%2C%22saturdayHours%22%3A%5B%5D%2C%22sundayHours%22%3A%5B%5D%7D"
               }
            ],
            "title": "vRealize Operations Manager (vROPS)",
            "type": "View"
         },
         {
            "collapsed": false,
            "config": {
               "chartViewItems": [],
               "isUpdatedView": true,
               "refreshContent": {"refreshContent": false},
               "refreshInterval": 300,
               "resource": {
                  "id": "Ext.vcops.chrome.model.Resource-12",
                  "resourceId": "resource:id:0_::_",
                  "resourceKindId": "002006VMWAREvSphere World",
                  "resourceName": "vSphere World",
                  "traversalSpecId": ""
               },
               "selectFirstRow": {"selectFirstRow": false},
               "selfProvider": {"selfProvider": true},
               "title": "vRealize Log Insight (vRLI)",
               "traversalSpecId": null,
               "viewDefinitionId": "31030471-267d-43a7-ac26-a26ebd2d8fde"
            },
            "gridsterCoords": {
               "h": 7,
               "w": 12,
               "x": 1,
               "y": 26
            },
            "height": 381,
            "id": "52568a1e-05a8-4333-8f43-a7d3c38c9449",
            "states": [
               {
                  "key": "perm_toolbarVisible_widget_1072eba8-1eb3-43fa-aa26-3d936bc11acc_52568a1e-05a8-4333-8f43-a7d3c38c9449",
                  "value": "b%3A1"
               },
               {
                  "key": "permSelectedDate_widget_1072eba8-1eb3-43fa-aa26-3d936bc11acc_52568a1e-05a8-4333-8f43-a7d3c38c9449",
                  "value": "s%3A%7B%22minType%22%3A%22.TimeIntervalControl%22%2C%22advancedTimeMode%22%3Afalse%2C%22fromTime%22%3Anull%2C%22unit%22%3A%22DAYS%22%2C%22count%22%3A7%2C%22priorUnit%22%3Anull%2C%22priorCount%22%3Anull%2C%22startSubUnit%22%3Anull%2C%22startPeriod%22%3Anull%2C%22toTime%22%3Anull%2C%22endUnit%22%3Anull%2C%22endCount%22%3Anull%2C%22endSubUnit%22%3Anull%2C%22endPeriod%22%3Anull%2C%22isRealTimeData%22%3Anull%2C%22mondayHours%22%3A%5B%5D%2C%22tuesdayHours%22%3A%5B%5D%2C%22wednesdayHours%22%3A%5B%5D%2C%22thursdayHours%22%3A%5B%5D%2C%22fridayHours%22%3A%5B%5D%2C%22saturdayHours%22%3A%5B%5D%2C%22sundayHours%22%3A%5B%5D%7D"
               },
               {
                  "key": "permPageSize_widget_1072eba8-1eb3-43fa-aa26-3d936bc11acc_52568a1e-05a8-4333-8f43-a7d3c38c9449",
                  "value": "n%3A50"
               }
            ],
            "title": "vRealize Log Insight (vRLI)",
            "type": "View"
         },
         {
            "collapsed": false,
            "config": {
               "chartViewItems": [],
               "isUpdatedView": true,
               "refreshContent": {"refreshContent": false},
               "refreshInterval": 300,
               "resource": {
                  "id": "Ext.vcops.chrome.model.Resource-9",
                  "resourceId": "resource:id:0_::_",
                  "resourceKindId": "002006VMWAREvSphere World",
                  "resourceName": "vSphere World",
                  "traversalSpecId": ""
               },
               "selectFirstRow": {"selectFirstRow": false},
               "selfProvider": {"selfProvider": true},
               "title": "vRealize Orchestrator (vRO)",
               "traversalSpecId": null,
               "viewDefinitionId": "08d3a12a-a084-4427-b9bc-27995fa1917d"
            },
            "gridsterCoords": {
               "h": 6,
               "w": 12,
               "x": 1,
               "y": 33
            },
            "height": 324,
            "id": "b49a5ddd-067b-48f6-a79a-fa3360404674",
            "states": [{
               "key": "perm_toolbarVisible_widget_1072eba8-1eb3-43fa-aa26-3d936bc11acc_b49a5ddd-067b-48f6-a79a-fa3360404674",
               "value": "b%3A1"
            }],
            "title": "vRealize Orchestrator (vRO)",
            "type": "View"
         },
         {
            "collapsed": false,
            "config": {
               "chartViewItems": [],
               "isUpdatedView": true,
               "refreshContent": {"refreshContent": false},
               "refreshInterval": 300,
               "resource": {
                  "id": "Ext.vcops.chrome.model.Resource-1",
                  "resourceId": "resource:id:0_::_",
                  "resourceKindId": "002006VMWAREvSphere World",
                  "resourceName": "vSphere World",
                  "traversalSpecId": ""
               },
               "selectFirstRow": {"selectFirstRow": false},
               "selfProvider": {"selfProvider": true},
               "title": "vRealize Life Cycle Manager (vLCM)",
               "traversalSpecId": null,
               "viewDefinitionId": "03473f96-1456-4a29-90f8-f2e3ea8a4ac7"
            },
            "gridsterCoords": {
               "h": 6,
               "w": 12,
               "x": 1,
               "y": 39
            },
            "height": 324,
            "id": "ece20916-3c56-42da-93c9-29c6932997f4",
            "states": [{
               "key": "perm_toolbarVisible_widget_1072eba8-1eb3-43fa-aa26-3d936bc11acc_ece20916-3c56-42da-93c9-29c6932997f4",
               "value": "b%3A1"
            }],
            "title": "vRealize Life Cycle Manager (vLCM)",
            "type": "View"
         },
         {
            "collapsed": false,
            "config": {
               "chartViewItems": [],
               "isUpdatedView": true,
               "refreshContent": {"refreshContent": false},
               "refreshInterval": 300,
               "resource": {
                  "id": "Ext.vcops.chrome.model.Resource-10",
                  "resourceId": "resource:id:0_::_",
                  "resourceKindId": "002006VMWAREvSphere World",
                  "resourceName": "vSphere World",
                  "traversalSpecId": ""
               },
               "selectFirstRow": {"selectFirstRow": false},
               "selfProvider": {"selfProvider": true},
               "title": "vRealize Network Insight (vRNI)",
               "traversalSpecId": null,
               "viewDefinitionId": "81ed4502-d0d6-4eab-8455-c988134bb67a"
            },
            "gridsterCoords": {
               "h": 6,
               "w": 12,
               "x": 1,
               "y": 45
            },
            "height": 324,
            "id": "dcd4774a-ee02-4e62-a38d-523a0ce2779a",
            "states": [{
               "key": "perm_toolbarVisible_widget_1072eba8-1eb3-43fa-aa26-3d936bc11acc_dcd4774a-ee02-4e62-a38d-523a0ce2779a",
               "value": "b%3A1"
            }],
            "title": "vRealize Network Insight (vRNI)",
            "type": "View"
         },
         {
            "collapsed": false,
            "config": {
               "chartViewItems": [],
               "isUpdatedView": true,
               "refreshContent": {"refreshContent": false},
               "refreshInterval": 300,
               "resource": {
                  "id": "Ext.vcops.chrome.model.Resource-14",
                  "resourceId": "resource:id:0_::_",
                  "resourceKindId": "002006VMWAREvSphere World",
                  "resourceName": "vSphere World",
                  "traversalSpecId": ""
               },
               "selectFirstRow": {"selectFirstRow": false},
               "selfProvider": {"selfProvider": true},
               "title": "Work Space One / Identity Manager (vIDM)",
               "traversalSpecId": null,
               "viewDefinitionId": "89b6d668-0e04-4d80-9a11-bc971a8a16f4"
            },
            "gridsterCoords": {
               "h": 6,
               "w": 12,
               "x": 1,
               "y": 63
            },
            "height": 324,
            "id": "1934a3a3-c61e-4e53-8fda-bcf3c83a7a23",
            "states": [{
               "key": "perm_toolbarVisible_widget_1072eba8-1eb3-43fa-aa26-3d936bc11acc_1934a3a3-c61e-4e53-8fda-bcf3c83a7a23",
               "value": "b%3A1"
            }],
            "title": "Work Space One / Identity Manager (vIDM)",
            "type": "View"
         },
         {
            "collapsed": false,
            "config": {
               "chartViewItems": [],
               "isUpdatedView": true,
               "refreshContent": {"refreshContent": false},
               "refreshInterval": 300,
               "resource": {
                  "id": "Ext.vcops.chrome.model.Resource-1",
                  "resourceId": "resource:id:0_::_",
                  "resourceKindId": "002006VMWAREvSphere World",
                  "resourceName": "vSphere World",
                  "traversalSpecId": ""
               },
               "selectFirstRow": {"selectFirstRow": false},
               "selfProvider": {"selfProvider": true},
               "title": "vRealize Automation (VRA)",
               "traversalSpecId": null,
               "viewDefinitionId": "111c68f5-f96b-4fee-8552-faed5b1a4041"
            },
            "gridsterCoords": {
               "h": 7,
               "w": 12,
               "x": 1,
               "y": 13
            },
            "height": 381,
            "id": "1a6d469c-57d7-4bcd-be81-620ca010b56e",
            "states": [
               {
                  "key": "permSelectedDate_widget_1072eba8-1eb3-43fa-aa26-3d936bc11acc_1a6d469c-57d7-4bcd-be81-620ca010b56e",
                  "value": "s%3A%7B%22minType%22%3A%22.TimeIntervalControl%22%2C%22advancedTimeMode%22%3Afalse%2C%22fromTime%22%3Anull%2C%22unit%22%3A%22DAYS%22%2C%22count%22%3A7%2C%22priorUnit%22%3Anull%2C%22priorCount%22%3Anull%2C%22startSubUnit%22%3Anull%2C%22startPeriod%22%3Anull%2C%22toTime%22%3Anull%2C%22endUnit%22%3Anull%2C%22endCount%22%3Anull%2C%22endSubUnit%22%3Anull%2C%22endPeriod%22%3Anull%2C%22isRealTimeData%22%3Anull%2C%22mondayHours%22%3A%5B%5D%2C%22tuesdayHours%22%3A%5B%5D%2C%22wednesdayHours%22%3A%5B%5D%2C%22thursdayHours%22%3A%5B%5D%2C%22fridayHours%22%3A%5B%5D%2C%22saturdayHours%22%3A%5B%5D%2C%22sundayHours%22%3A%5B%5D%7D"
               },
               {
                  "key": "perm_toolbarVisible_widget_1072eba8-1eb3-43fa-aa26-3d936bc11acc_1a6d469c-57d7-4bcd-be81-620ca010b56e",
                  "value": "b%3A1"
               }
            ],
            "title": "vRealize Automation (VRA)",
            "type": "View"
         },
         {
            "collapsed": false,
            "config": {
               "chartViewItems": [],
               "isUpdatedView": true,
               "refreshContent": {"refreshContent": false},
               "refreshInterval": 300,
               "resource": {
                  "id": "Ext.vcops.chrome.model.Resource-13",
                  "resourceId": "resource:id:0_::_",
                  "resourceKindId": "002006VMWAREvSphere World",
                  "resourceName": "vSphere World",
                  "traversalSpecId": ""
               },
               "selectFirstRow": {"selectFirstRow": false},
               "selfProvider": {"selfProvider": true},
               "title": "vRealize NSX/NSX-T",
               "traversalSpecId": null,
               "viewDefinitionId": "6da3459c-4700-4c5d-8279-1c491f29e203"
            },
            "gridsterCoords": {
               "h": 6,
               "w": 12,
               "x": 1,
               "y": 7
            },
            "height": 324,
            "id": "07e15c53-a543-489d-85fc-1f1c1738bc46",
            "states": [
               {
                  "key": "permPageSize_widget_1072eba8-1eb3-43fa-aa26-3d936bc11acc_07e15c53-a543-489d-85fc-1f1c1738bc46",
                  "value": "n%3A50"
               },
               {
                  "key": "permSelectedDate_widget_1072eba8-1eb3-43fa-aa26-3d936bc11acc_07e15c53-a543-489d-85fc-1f1c1738bc46",
                  "value": "s%3A%7B%22minType%22%3A%22.TimeIntervalControl%22%2C%22advancedTimeMode%22%3Afalse%2C%22fromTime%22%3Anull%2C%22unit%22%3A%22DAYS%22%2C%22count%22%3A7%2C%22priorUnit%22%3Anull%2C%22priorCount%22%3Anull%2C%22startSubUnit%22%3Anull%2C%22startPeriod%22%3Anull%2C%22toTime%22%3Anull%2C%22endUnit%22%3Anull%2C%22endCount%22%3Anull%2C%22endSubUnit%22%3Anull%2C%22endPeriod%22%3Anull%2C%22isRealTimeData%22%3Anull%2C%22mondayHours%22%3A%5B%5D%2C%22tuesdayHours%22%3A%5B%5D%2C%22wednesdayHours%22%3A%5B%5D%2C%22thursdayHours%22%3A%5B%5D%2C%22fridayHours%22%3A%5B%5D%2C%22saturdayHours%22%3A%5B%5D%2C%22sundayHours%22%3A%5B%5D%7D"
               },
               {
                  "key": "perm_toolbarVisible_widget_1072eba8-1eb3-43fa-aa26-3d936bc11acc_07e15c53-a543-489d-85fc-1f1c1738bc46",
                  "value": "b%3A1"
               }
            ],
            "title": "vRealize NSX/NSX-T",
            "type": "View"
         },
         {
            "collapsed": false,
            "config": {
               "chartViewItems": [],
               "isUpdatedView": true,
               "refreshContent": {"refreshContent": false},
               "refreshInterval": 300,
               "resource": {
                  "id": "Ext.vcops.chrome.model.Resource-15",
                  "resourceId": "resource:id:0_::_",
                  "resourceKindId": "002006VMWAREvSphere World",
                  "resourceName": "vSphere World",
                  "traversalSpecId": ""
               },
               "selectFirstRow": {"selectFirstRow": false},
               "selfProvider": {"selfProvider": true},
               "title": "vRealize Site Recovery Manager (SRM)",
               "traversalSpecId": null,
               "viewDefinitionId": "35d5fff0-bba8-49f5-ba39-631f9f4ab726"
            },
            "gridsterCoords": {
               "h": 6,
               "w": 12,
               "x": 1,
               "y": 57
            },
            "height": 324,
            "id": "8aa7c19f-d9d4-4f63-911a-98b9cd273a38",
            "states": [{
               "key": "perm_toolbarVisible_widget_1072eba8-1eb3-43fa-aa26-3d936bc11acc_8aa7c19f-d9d4-4f63-911a-98b9cd273a38",
               "value": "b%3A1"
            }],
            "title": "vRealize Site Recovery Manager (SRM)",
            "type": "View"
         },
         {
            "collapsed": false,
            "config": {
               "chartViewItems": [],
               "isUpdatedView": true,
               "refreshContent": {"refreshContent": false},
               "refreshInterval": 300,
               "resource": {
                  "id": "Ext.vcops.chrome.model.Resource-16",
                  "resourceId": "resource:id:0_::_",
                  "resourceKindId": "002006VMWAREvSphere World",
                  "resourceName": "vSphere World",
                  "traversalSpecId": ""
               },
               "selectFirstRow": {"selectFirstRow": false},
               "selfProvider": {"selfProvider": true},
               "title": "vRealize Air Watch",
               "traversalSpecId": null,
               "viewDefinitionId": "8aba5dae-139a-4b05-82d3-fa5759f5a349"
            },
            "gridsterCoords": {
               "h": 6,
               "w": 12,
               "x": 1,
               "y": 69
            },
            "height": 324,
            "id": "40263e08-82f1-47a2-be91-dec6b72276e6",
            "states": [{
               "key": "perm_toolbarVisible_widget_1072eba8-1eb3-43fa-aa26-3d936bc11acc_40263e08-82f1-47a2-be91-dec6b72276e6",
               "value": "b%3A1"
            }],
            "title": "vRealize Air Watch",
            "type": "View"
         },
         {
            "collapsed": false,
            "config": {
               "chartViewItems": [],
               "isUpdatedView": true,
               "refreshContent": {"refreshContent": false},
               "refreshInterval": 300,
               "resource": {
                  "id": "Ext.vcops.chrome.model.Resource-17",
                  "resourceId": "resource:id:0_::_",
                  "resourceKindId": "002006VMWAREvSphere World",
                  "resourceName": "vSphere World",
                  "traversalSpecId": ""
               },
               "selectFirstRow": {"selectFirstRow": false},
               "selfProvider": {"selfProvider": true},
               "title": "Cloud Proxy/Connectors",
               "traversalSpecId": null,
               "viewDefinitionId": "1529f4a3-4cae-4928-97a1-ce3983ebfa4f"
            },
            "gridsterCoords": {
               "h": 6,
               "w": 12,
               "x": 1,
               "y": 81
            },
            "height": 324,
            "id": "10aee75e-543d-4032-83c0-29455c241197",
            "states": [{
               "key": "perm_toolbarVisible_widget_1072eba8-1eb3-43fa-aa26-3d936bc11acc_10aee75e-543d-4032-83c0-29455c241197",
               "value": "b%3A1"
            }],
            "title": "Cloud Proxy/Connectors",
            "type": "View"
         },
         {
            "collapsed": false,
            "config": {
               "chartViewItems": [],
               "isUpdatedView": true,
               "refreshContent": {"refreshContent": false},
               "refreshInterval": 300,
               "resource": null,
               "selectFirstRow": {"selectFirstRow": false},
               "selfProvider": {"selfProvider": false},
               "title": "VM Properties",
               "traversalSpecId": "",
               "viewDefinitionId": "b01e73ba-bc68-4919-b270-d2264ba92fa6"
            },
            "gridsterCoords": {
               "h": 32,
               "w": 4,
               "x": 9,
               "y": 105
            },
            "height": 1805,
            "id": "a75674da-0e20-4a8d-8b4c-6c35445b5a83",
            "title": "VM Properties",
            "type": "View"
         },
         {
            "collapsed": false,
            "config": {
               "impactedBadge": "",
               "refreshContent": {"refreshContent": false},
               "refreshInterval": 300,
               "relationshipMode": {"relationshipMode": 0},
               "resource": null,
               "selfProvider": {"selfProvider": false},
               "title": "Alerts (Select any VM from above)",
               "topIssuesDisplayLimit": 10
            },
            "gridsterCoords": {
               "h": 5,
               "w": 8,
               "x": 1,
               "y": 105
            },
            "height": 267,
            "id": "d04bd376-86f6-4e5a-aa9c-93376d54d108",
            "title": "Alerts (Select any VM from above)",
            "type": "ProblemAlertsList"
         },
         {
            "collapsed": false,
            "config": {
               "chartViewItems": [],
               "isUpdatedView": true,
               "refreshContent": {"refreshContent": false},
               "refreshInterval": 300,
               "resource": {
                  "id": "Ext.vcops.chrome.model.Resource-2",
                  "resourceId": "resource:id:0_::_",
                  "resourceKindId": "002006VMWAREvSphere World",
                  "resourceName": "vSphere World",
                  "traversalSpecId": ""
               },
               "selectFirstRow": {"selectFirstRow": false},
               "selfProvider": {"selfProvider": true},
               "title": "Dell EMC Appliances",
               "traversalSpecId": null,
               "viewDefinitionId": "403e1c56-6976-4ecd-843d-8acc99ec8d37"
            },
            "gridsterCoords": {
               "h": 6,
               "w": 12,
               "x": 1,
               "y": 99
            },
            "height": 324,
            "id": "642f96e8-cd3f-4fe9-9cc2-d7c7bb695c81",
            "states": [{
               "key": "perm_toolbarVisible_widget_1072eba8-1eb3-43fa-aa26-3d936bc11acc_642f96e8-cd3f-4fe9-9cc2-d7c7bb695c81",
               "value": "b%3A1"
            }],
            "title": "Dell EMC Appliances",
            "type": "View"
         },
         {
            "collapsed": false,
            "config": {
               "chartViewItems": [],
               "isUpdatedView": true,
               "refreshContent": {"refreshContent": false},
               "refreshInterval": 300,
               "resource": {
                  "id": "Ext.vcops.chrome.model.Resource-3",
                  "resourceId": "resource:id:0_::_",
                  "resourceKindId": "002006VMWAREvSphere World",
                  "resourceName": "vSphere World",
                  "traversalSpecId": ""
               },
               "selectFirstRow": {"selectFirstRow": false},
               "selfProvider": {"selfProvider": true},
               "title": "HCX Servers",
               "traversalSpecId": null,
               "viewDefinitionId": "bb0ec3f3-a3a9-4c6a-bc5b-d79306737e85"
            },
            "gridsterCoords": {
               "h": 6,
               "w": 12,
               "x": 1,
               "y": 75
            },
            "height": 324,
            "id": "75d20874-2ec2-4b14-a02b-c6cab2ac14bd",
            "states": [{
               "key": "perm_toolbarVisible_widget_1072eba8-1eb3-43fa-aa26-3d936bc11acc_75d20874-2ec2-4b14-a02b-c6cab2ac14bd",
               "value": "b%3A1"
            }],
            "title": "HCX Servers",
            "type": "View"
         },
         {
            "collapsed": false,
            "config": {
               "chartViewItems": [],
               "isUpdatedView": true,
               "refreshContent": {"refreshContent": false},
               "refreshInterval": 300,
               "resource": {
                  "id": "Ext.vcops.chrome.model.Resource-4",
                  "resourceId": "resource:id:0_::_",
                  "resourceKindId": "002006VMWAREvSphere World",
                  "resourceName": "vSphere World",
                  "traversalSpecId": ""
               },
               "selectFirstRow": {"selectFirstRow": false},
               "selfProvider": {"selfProvider": true},
               "title": "Tanzu Servers",
               "traversalSpecId": null,
               "viewDefinitionId": "0cdd7a93-55d2-428a-81bb-373a724d647a"
            },
            "gridsterCoords": {
               "h": 6,
               "w": 12,
               "x": 1,
               "y": 93
            },
            "height": 324,
            "id": "fdae879e-820a-4638-b658-d9b6ad4dae92",
            "states": [{
               "key": "perm_toolbarVisible_widget_1072eba8-1eb3-43fa-aa26-3d936bc11acc_fdae879e-820a-4638-b658-d9b6ad4dae92",
               "value": "b%3A1"
            }],
            "title": "Tanzu Servers",
            "type": "View"
         },
         {
            "collapsed": false,
            "config": {
               "chartViewItems": [],
               "isUpdatedView": true,
               "refreshContent": {"refreshContent": false},
               "refreshInterval": 300,
               "resource": {
                  "id": "Ext.vcops.chrome.model.Resource-2",
                  "resourceId": "resource:id:0_::_",
                  "resourceKindId": "002006VMWAREvSphere World",
                  "resourceName": "vSphere World",
                  "traversalSpecId": ""
               },
               "selectFirstRow": {"selectFirstRow": false},
               "selfProvider": {"selfProvider": true},
               "title": "Kubernetes Servers",
               "traversalSpecId": null,
               "viewDefinitionId": "93dc7b3c-1d82-4027-a9a9-e0359fcab31c"
            },
            "gridsterCoords": {
               "h": 6,
               "w": 12,
               "x": 1,
               "y": 87
            },
            "height": 324,
            "id": "99bac2a7-e6a3-4033-a7ae-3f1078396fb5",
            "states": [{
               "key": "perm_toolbarVisible_widget_1072eba8-1eb3-43fa-aa26-3d936bc11acc_99bac2a7-e6a3-4033-a7ae-3f1078396fb5",
               "value": "b%3A1"
            }],
            "title": "Kubernetes Servers",
            "type": "View"
         },
         {
            "collapsed": false,
            "config": {
               "chartViewItems": [],
               "isUpdatedView": true,
               "refreshContent": {"refreshContent": true},
               "refreshInterval": 300,
               "resource": {
                  "id": "Ext.vcops.chrome.model.Resource-1",
                  "resourceId": "resource:id:0_::_",
                  "resourceKindId": "002006VMWAREvSphere World",
                  "resourceName": "vSphere World",
                  "traversalSpecId": ""
               },
               "selectFirstRow": {"selectFirstRow": false},
               "selfProvider": {"selfProvider": true},
               "title": "vSphere Replication",
               "traversalSpecId": null,
               "viewDefinitionId": "6990af74-11b1-4812-8cb3-8b0496382874"
            },
            "gridsterCoords": {
               "h": 6,
               "w": 12,
               "x": 1,
               "y": 51
            },
            "height": 324,
            "id": "8780ba31-d33e-47a4-bd6f-2e5e6b3c21b5",
            "states": [{
               "key": "perm_toolbarVisible_widget_1072eba8-1eb3-43fa-aa26-3d936bc11acc_8780ba31-d33e-47a4-bd6f-2e5e6b3c21b5",
               "value": "b%3A1"
            }],
            "title": "vSphere Replication",
            "type": "View"
         },
         {
            "collapsed": false,
            "config": {
               "customFilter": {
                  "excludedResources": null,
                  "filter": [],
                  "includedResources": null
               },
               "depth": 1,
               "metric": {
                  "mode": "resourceKind",
                  "resourceKindMetrics": [
                     {
                        "colorMethod": 0,
                        "handleOldColoring": false,
                        "id": "extModel41513-3",
                        "isStringMetric": false,
                        "metricKey": "cpu|usage_average",
                        "metricName": "CPU|Usage",
                        "metricUnitId": "percent",
                        "orangeBound": 99,
                        "redBound": 100,
                        "resourceKindId": "resourceKind:id:0_::_",
                        "resourceKindName": "Virtual Machine",
                        "unit": "%",
                        "yellowBound": 98
                     },
                     {
                        "colorMethod": 0,
                        "handleOldColoring": false,
                        "id": "extModel41513-1",
                        "isStringMetric": false,
                        "metricKey": "cpu|demandPct",
                        "metricName": "CPU|Demand",
                        "metricUnitId": "percent",
                        "orangeBound": 99,
                        "redBound": 100,
                        "resourceKindId": "resourceKind:id:0_::_",
                        "resourceKindName": "Virtual Machine",
                        "unit": "%",
                        "yellowBound": 98
                     },
                     {
                        "colorMethod": 0,
                        "handleOldColoring": false,
                        "id": "extModel41513-4",
                        "isStringMetric": false,
                        "metricKey": "cpu|capacity_contentionPct",
                        "metricName": "CPU|Contention",
                        "metricUnitId": "percent",
                        "orangeBound": 15,
                        "redBound": 20,
                        "resourceKindId": "resourceKind:id:0_::_",
                        "resourceKindName": "Virtual Machine",
                        "unit": "%",
                        "yellowBound": 10
                     },
                     {
                        "colorMethod": 0,
                        "handleOldColoring": false,
                        "id": "extModel41513-2",
                        "isStringMetric": false,
                        "metricKey": "cpu|readyPct",
                        "metricName": "CPU|Ready",
                        "metricUnitId": "percent",
                        "orangeBound": 15,
                        "redBound": 20,
                        "resourceKindId": "resourceKind:id:0_::_",
                        "resourceKindName": "Virtual Machine",
                        "unit": "%",
                        "yellowBound": 10
                     },
                     {
                        "colorMethod": 0,
                        "handleOldColoring": false,
                        "id": "extModel41513-5",
                        "isStringMetric": false,
                        "metricKey": "cpu|costopPct",
                        "metricName": "CPU|Co-stop",
                        "metricUnitId": "percent",
                        "orangeBound": 4,
                        "redBound": 5,
                        "resourceKindId": "resourceKind:id:0_::_",
                        "resourceKindName": "Virtual Machine",
                        "unit": "%",
                        "yellowBound": 3
                     },
                     {
                        "colorMethod": 2,
                        "handleOldColoring": false,
                        "id": "extModel41513-7",
                        "isStringMetric": false,
                        "metricKey": "mem|balloonPct",
                        "metricName": "Memory|Balloon",
                        "metricUnitId": "percent",
                        "orangeBound": null,
                        "redBound": null,
                        "resourceKindId": "resourceKind:id:0_::_",
                        "resourceKindName": "Virtual Machine",
                        "unit": "%",
                        "yellowBound": null
                     },
                     {
                        "colorMethod": 0,
                        "handleOldColoring": false,
                        "id": "extModel41513-8",
                        "isStringMetric": false,
                        "metricKey": "mem|guest_activePct",
                        "metricName": "Memory|Guest Active Memory",
                        "metricUnitId": "percent",
                        "orangeBound": 99,
                        "redBound": 100,
                        "resourceKindId": "resourceKind:id:0_::_",
                        "resourceKindName": "Virtual Machine",
                        "unit": "%",
                        "yellowBound": 98
                     },
                     {
                        "colorMethod": 0,
                        "handleOldColoring": false,
                        "id": "extModel41513-9",
                        "isStringMetric": false,
                        "metricKey": "mem|usage_average",
                        "metricName": "Memory|Usage",
                        "metricUnitId": "percent",
                        "orangeBound": 99,
                        "redBound": 100,
                        "resourceKindId": "resourceKind:id:0_::_",
                        "resourceKindName": "Virtual Machine",
                        "unit": "%",
                        "yellowBound": 98
                     },
                     {
                        "colorMethod": 0,
                        "handleOldColoring": false,
                        "id": "extModel41513-11",
                        "isStringMetric": false,
                        "metricKey": "net|usage_average",
                        "metricName": "Network|Usage Rate",
                        "metricUnitId": "mbps",
                        "orangeBound": 99,
                        "redBound": 100,
                        "resourceKindId": "resourceKind:id:0_::_",
                        "resourceKindName": "Virtual Machine",
                        "unit": "MBps",
                        "yellowBound": 98
                     },
                     {
                        "colorMethod": 2,
                        "handleOldColoring": false,
                        "id": "extModel41513-10",
                        "isStringMetric": false,
                        "metricKey": "net:Aggregate of all instances|droppedPct",
                        "metricName": "Network:Aggregate of all instances|Packets Dropped",
                        "metricUnitId": "percent",
                        "orangeBound": null,
                        "redBound": null,
                        "resourceKindId": "resourceKind:id:0_::_",
                        "resourceKindName": "Virtual Machine",
                        "unit": "%",
                        "yellowBound": null
                     },
                     {
                        "colorMethod": 0,
                        "handleOldColoring": false,
                        "id": "extModel41513-6",
                        "isStringMetric": false,
                        "metricKey": "guestfilesystem|percentage_total",
                        "metricName": "Guest File System|Utilization",
                        "metricUnitId": "percent",
                        "orangeBound": 99,
                        "redBound": 100,
                        "resourceKindId": "resourceKind:id:0_::_",
                        "resourceKindName": "Virtual Machine",
                        "unit": "%",
                        "yellowBound": 98
                     },
                     {
                        "colorMethod": 0,
                        "handleOldColoring": false,
                        "id": "extModel41513-16",
                        "isStringMetric": false,
                        "metricKey": "virtualDisk:Aggregate of all instances|totalLatency",
                        "metricName": "Virtual Disk:Aggregate of all instances|Total Latency",
                        "metricUnitId": "msec",
                        "orangeBound": 15,
                        "redBound": 20,
                        "resourceKindId": "resourceKind:id:0_::_",
                        "resourceKindName": "Virtual Machine",
                        "unit": "ms",
                        "yellowBound": 10
                     },
                     {
                        "colorMethod": 0,
                        "handleOldColoring": false,
                        "id": "extModel41513-14",
                        "isStringMetric": false,
                        "metricKey": "virtualDisk:Aggregate of all instances|totalReadLatency_average",
                        "metricName": "Virtual Disk:Aggregate of all instances|Read Latency",
                        "metricUnitId": "msec",
                        "orangeBound": 15,
                        "redBound": 20,
                        "resourceKindId": "resourceKind:id:0_::_",
                        "resourceKindName": "Virtual Machine",
                        "unit": "ms",
                        "yellowBound": 10
                     },
                     {
                        "colorMethod": 0,
                        "handleOldColoring": false,
                        "id": "extModel41513-18",
                        "isStringMetric": false,
                        "metricKey": "virtualDisk:Aggregate of all instances|totalWriteLatency_average",
                        "metricName": "Virtual Disk:Aggregate of all instances|Write Latency",
                        "metricUnitId": "msec",
                        "orangeBound": 15,
                        "redBound": 20,
                        "resourceKindId": "resourceKind:id:0_::_",
                        "resourceKindName": "Virtual Machine",
                        "unit": "ms",
                        "yellowBound": 10
                     },
                     {
                        "colorMethod": 0,
                        "handleOldColoring": false,
                        "id": "extModel41513-15",
                        "isStringMetric": false,
                        "metricKey": "virtualDisk:Aggregate of all instances|commandsAveraged_average",
                        "metricName": "Virtual Disk:Aggregate of all instances|Total IOPS",
                        "orangeBound": 99,
                        "redBound": 100,
                        "resourceKindId": "resourceKind:id:0_::_",
                        "resourceKindName": "Virtual Machine",
                        "yellowBound": 98
                     },
                     {
                        "colorMethod": 0,
                        "handleOldColoring": false,
                        "id": "extModel41513-13",
                        "isStringMetric": false,
                        "metricKey": "virtualDisk:Aggregate of all instances|numberReadAveraged_average",
                        "metricName": "Virtual Disk:Aggregate of all instances|Read IOPS",
                        "orangeBound": 99,
                        "redBound": 100,
                        "resourceKindId": "resourceKind:id:0_::_",
                        "resourceKindName": "Virtual Machine",
                        "yellowBound": 98
                     },
                     {
                        "colorMethod": 0,
                        "handleOldColoring": false,
                        "id": "extModel41513-17",
                        "isStringMetric": false,
                        "metricKey": "virtualDisk:Aggregate of all instances|numberWriteAveraged_average",
                        "metricName": "Virtual Disk:Aggregate of all instances|Write IOPS",
                        "orangeBound": 99,
                        "redBound": 100,
                        "resourceKindId": "resourceKind:id:0_::_",
                        "resourceKindName": "Virtual Machine",
                        "yellowBound": 98
                     },
                     {
                        "colorMethod": 2,
                        "handleOldColoring": false,
                        "id": "extModel41513-19",
                        "isStringMetric": false,
                        "metricKey": "System Attributes|self_alert_count",
                        "metricName": "vRealize Operations Generated|Self - Alert Count",
                        "metricUnitId": null,
                        "orangeBound": null,
                        "redBound": null,
                        "resourceKindId": "resourceKind:id:0_::_",
                        "resourceKindName": "Virtual Machine",
                        "unit": "",
                        "yellowBound": null
                     },
                     {
                        "colorMethod": 2,
                        "handleOldColoring": false,
                        "id": "extModel41513-12",
                        "isStringMetric": false,
                        "metricKey": "sys|poweredOn",
                        "metricName": "System|Powered ON",
                        "metricUnitId": null,
                        "orangeBound": null,
                        "redBound": null,
                        "resourceKindId": "resourceKind:id:0_::_",
                        "resourceKindName": "Virtual Machine",
                        "unit": "",
                        "yellowBound": null
                     },
                     {
                        "colorMethod": 2,
                        "handleOldColoring": false,
                        "id": "extModel44867-1",
                        "isStringMetric": false,
                        "metricKey": "devices:Aggregate of all instances|number_running_hosts",
                        "metricName": "Devices:Aggregate of all instances|Number of Running Hosts",
                        "orangeBound": null,
                        "redBound": null,
                        "resourceKindId": "resourceKind:id:1_::_",
                        "resourceKindName": "Datastore",
                        "yellowBound": null
                     },
                     {
                        "colorMethod": 2,
                        "handleOldColoring": false,
                        "id": "extModel44867-2",
                        "isStringMetric": false,
                        "metricKey": "devices:Aggregate of all instances|number_running_vms",
                        "metricName": "Devices:Aggregate of all instances|Number of Running VMs",
                        "orangeBound": null,
                        "redBound": null,
                        "resourceKindId": "resourceKind:id:1_::_",
                        "resourceKindName": "Datastore",
                        "yellowBound": null
                     },
                     {
                        "colorMethod": 0,
                        "handleOldColoring": false,
                        "id": "extModel44867-6",
                        "isStringMetric": false,
                        "metricKey": "devices:Aggregate of all instances|totalLatency_average",
                        "metricName": "Devices:Aggregate of all instances|Total Latency",
                        "metricUnitId": "msec",
                        "orangeBound": 15,
                        "redBound": 20,
                        "resourceKindId": "resourceKind:id:1_::_",
                        "resourceKindName": "Datastore",
                        "unit": "ms",
                        "yellowBound": 10
                     },
                     {
                        "colorMethod": 0,
                        "handleOldColoring": false,
                        "id": "extModel44867-4",
                        "isStringMetric": false,
                        "metricKey": "devices:Aggregate of all instances|totalReadLatency_average",
                        "metricName": "Devices:Aggregate of all instances|Read Latency",
                        "metricUnitId": "msec",
                        "orangeBound": 15,
                        "redBound": 20,
                        "resourceKindId": "resourceKind:id:1_::_",
                        "resourceKindName": "Datastore",
                        "unit": "ms",
                        "yellowBound": 10
                     },
                     {
                        "colorMethod": 0,
                        "handleOldColoring": false,
                        "id": "extModel44867-8",
                        "isStringMetric": false,
                        "metricKey": "devices:Aggregate of all instances|totalWriteLatency_average",
                        "metricName": "Devices:Aggregate of all instances|Write Latency",
                        "metricUnitId": "msec",
                        "orangeBound": 15,
                        "redBound": 20,
                        "resourceKindId": "resourceKind:id:1_::_",
                        "resourceKindName": "Datastore",
                        "unit": "ms",
                        "yellowBound": 10
                     },
                     {
                        "colorMethod": 2,
                        "handleOldColoring": false,
                        "id": "extModel44867-5",
                        "isStringMetric": false,
                        "metricKey": "devices:Aggregate of all instances|commandsAveraged_average",
                        "metricName": "Devices:Aggregate of all instances|Total IOPS",
                        "orangeBound": null,
                        "redBound": null,
                        "resourceKindId": "resourceKind:id:1_::_",
                        "resourceKindName": "Datastore",
                        "yellowBound": null
                     },
                     {
                        "colorMethod": 2,
                        "handleOldColoring": false,
                        "id": "extModel44867-3",
                        "isStringMetric": false,
                        "metricKey": "devices:Aggregate of all instances|numberReadAveraged_average",
                        "metricName": "Devices:Aggregate of all instances|Read IOPS",
                        "orangeBound": null,
                        "redBound": null,
                        "resourceKindId": "resourceKind:id:1_::_",
                        "resourceKindName": "Datastore",
                        "yellowBound": null
                     },
                     {
                        "colorMethod": 2,
                        "handleOldColoring": false,
                        "id": "extModel44867-9",
                        "isStringMetric": false,
                        "metricKey": "devices:Aggregate of all instances|numberWriteAveraged_average",
                        "metricName": "Devices:Aggregate of all instances|Write IOPS",
                        "orangeBound": null,
                        "redBound": null,
                        "resourceKindId": "resourceKind:id:1_::_",
                        "resourceKindName": "Datastore",
                        "yellowBound": null
                     },
                     {
                        "colorMethod": 2,
                        "handleOldColoring": false,
                        "id": "extModel44867-7",
                        "isStringMetric": false,
                        "metricKey": "devices:Aggregate of all instances|usage_average",
                        "metricName": "Devices:Aggregate of all instances|Total Throughput",
                        "metricUnitId": "mbps",
                        "orangeBound": null,
                        "redBound": null,
                        "resourceKindId": "resourceKind:id:1_::_",
                        "resourceKindName": "Datastore",
                        "unit": "MBps",
                        "yellowBound": null
                     },
                     {
                        "colorMethod": 2,
                        "handleOldColoring": false,
                        "id": "extModel44867-10",
                        "isStringMetric": false,
                        "metricKey": "summary|total_number_clusters",
                        "metricName": "Summary|Total Number of Clusters",
                        "orangeBound": null,
                        "redBound": null,
                        "resourceKindId": "resourceKind:id:1_::_",
                        "resourceKindName": "Datastore",
                        "yellowBound": null
                     },
                     {
                        "colorMethod": 2,
                        "handleOldColoring": false,
                        "id": "extModel44867-11",
                        "isStringMetric": false,
                        "metricKey": "summary|total_number_hosts",
                        "metricName": "Summary|Total Number of Hosts",
                        "orangeBound": null,
                        "redBound": null,
                        "resourceKindId": "resourceKind:id:1_::_",
                        "resourceKindName": "Datastore",
                        "yellowBound": null
                     },
                     {
                        "colorMethod": 2,
                        "handleOldColoring": false,
                        "id": "extModel44867-12",
                        "isStringMetric": false,
                        "metricKey": "summary|total_number_vms",
                        "metricName": "Summary|Total Number of VMs",
                        "orangeBound": null,
                        "redBound": null,
                        "resourceKindId": "resourceKind:id:1_::_",
                        "resourceKindName": "Datastore",
                        "yellowBound": null
                     },
                     {
                        "colorMethod": 2,
                        "handleOldColoring": false,
                        "id": "extModel44867-13",
                        "isStringMetric": false,
                        "metricKey": "System Attributes|self_alert_count",
                        "metricName": "vRealize Operations Generated|Self - Alert Count",
                        "orangeBound": null,
                        "redBound": null,
                        "resourceKindId": "resourceKind:id:1_::_",
                        "resourceKindName": "Datastore",
                        "yellowBound": null
                     },
                     {
                        "colorMethod": 2,
                        "handleOldColoring": false,
                        "id": "extModel44867-14",
                        "isStringMetric": false,
                        "metricKey": "capacity|usedSpacePct",
                        "metricName": "Capacity|Used Space",
                        "metricUnitId": "percent",
                        "orangeBound": null,
                        "redBound": null,
                        "resourceKindId": "resourceKind:id:1_::_",
                        "resourceKindName": "Datastore",
                        "unit": "%",
                        "yellowBound": null
                     },
                     {
                        "colorMethod": 2,
                        "handleOldColoring": false,
                        "id": "extModel46107-1",
                        "isStringMetric": false,
                        "metricKey": "System Attributes|self_alert_count",
                        "metricName": "vRealize Operations Generated|Self - Alert Count",
                        "orangeBound": null,
                        "redBound": null,
                        "resourceKindId": "resourceKind:id:2_::_",
                        "resourceKindName": "Host System",
                        "yellowBound": null
                     },
                     {
                        "colorMethod": 2,
                        "handleOldColoring": false,
                        "id": "extModel46107-2",
                        "isStringMetric": false,
                        "metricKey": "sys|poweredOn",
                        "metricName": "System|Powered ON",
                        "orangeBound": null,
                        "redBound": null,
                        "resourceKindId": "resourceKind:id:2_::_",
                        "resourceKindName": "Host System",
                        "yellowBound": null
                     },
                     {
                        "colorMethod": 0,
                        "handleOldColoring": false,
                        "id": "extModel46107-3",
                        "isStringMetric": false,
                        "metricKey": "cpu|usage_average",
                        "metricName": "CPU|Usage",
                        "metricUnitId": "percent",
                        "orangeBound": 99,
                        "redBound": 100,
                        "resourceKindId": "resourceKind:id:2_::_",
                        "resourceKindName": "Host System",
                        "unit": "%",
                        "yellowBound": 98
                     },
                     {
                        "colorMethod": 0,
                        "handleOldColoring": false,
                        "id": "extModel46107-4",
                        "isStringMetric": false,
                        "metricKey": "cpu|capacity_contentionPct",
                        "metricName": "CPU|Contention",
                        "metricUnitId": "percent",
                        "orangeBound": 15,
                        "redBound": 20,
                        "resourceKindId": "resourceKind:id:2_::_",
                        "resourceKindName": "Host System",
                        "unit": "%",
                        "yellowBound": 10
                     },
                     {
                        "colorMethod": 0,
                        "handleOldColoring": false,
                        "id": "extModel46107-5",
                        "isStringMetric": false,
                        "metricKey": "mem|usage_average",
                        "metricName": "Memory|Usage",
                        "metricUnitId": "percent",
                        "orangeBound": 99,
                        "redBound": 100,
                        "resourceKindId": "resourceKind:id:2_::_",
                        "resourceKindName": "Host System",
                        "unit": "%",
                        "yellowBound": 98
                     },
                     {
                        "colorMethod": 2,
                        "handleOldColoring": false,
                        "id": "extModel46107-6",
                        "isStringMetric": false,
                        "metricKey": "net|usage_average",
                        "metricName": "Network|Usage Rate",
                        "metricUnitId": "mbps",
                        "orangeBound": null,
                        "redBound": null,
                        "resourceKindId": "resourceKind:id:2_::_",
                        "resourceKindName": "Host System",
                        "unit": "MBps",
                        "yellowBound": null
                     }
                  ],
                  "resourceMetrics": [],
                  "subMode": "resourceKindAll"
               },
               "refreshContent": {"refreshContent": false},
               "refreshInterval": 300,
               "relationshipMode": {"relationshipMode": 0},
               "resInteractionMode": null,
               "resource": [],
               "selfProvider": {"selfProvider": false},
               "title": "VM Metric History"
            },
            "gridsterCoords": {
               "h": 27,
               "w": 8,
               "x": 1,
               "y": 110
            },
            "height": 1520,
            "id": "6b0b7221-8563-479d-98d4-e9621c572633",
            "states": [
               {
                  "key": "permBtn_zoomAllGraphs_permMetricChart_widget_1072eba8-1eb3-43fa-aa26-3d936bc11acc_6b0b7221-8563-479d-98d4-e9621c572633",
                  "value": "b%3A0"
               },
               {
                  "key": "permDateRange1_permMetricChart_widget_1072eba8-1eb3-43fa-aa26-3d936bc11acc_6b0b7221-8563-479d-98d4-e9621c572633",
                  "value": "s%3A%7B%22dateRange%22%3A%22dashboardTime%22%2C%22dateFrom%22%3Anull%2C%22dateTo%22%3Anull%2C%22timeFrom%22%3Anull%2C%22timeTo%22%3Anull%7D"
               },
               {
                  "key": "perm_toolbarVisible_widget_1072eba8-1eb3-43fa-aa26-3d936bc11acc_6b0b7221-8563-479d-98d4-e9621c572633",
                  "value": "b%3A1"
               },
               {
                  "key": "permBtn_pan_permMetricChart_widget_1072eba8-1eb3-43fa-aa26-3d936bc11acc_6b0b7221-8563-479d-98d4-e9621c572633",
                  "value": "b%3A0"
               },
               {
                  "key": "permMetricChart_widget_1072eba8-1eb3-43fa-aa26-3d936bc11acc_6b0b7221-8563-479d-98d4-e9621c572633",
                  "value": "o%3A"
               }
            ],
            "title": "VM Metric History",
            "type": "MetricChart"
         }
      ]
   }],
   "entries": {
      "resource": [{
         "adapterKindKey": "VMWARE",
         "identifiers": [],
         "internalId": "resource:id:0_::_",
         "name": "vSphere World",
         "resourceKindKey": "vSphere World"
      }],
      "resourceKind": [
         {
            "adapterKindKey": "VMWARE",
            "internalId": "resourceKind:id:2_::_",
            "resourceKindKey": "HostSystem"
         },
         {
            "adapterKindKey": "VMWARE",
            "internalId": "resourceKind:id:0_::_",
            "resourceKindKey": "VirtualMachine"
         },
         {
            "adapterKindKey": "VMWARE",
            "internalId": "resourceKind:id:1_::_",
            "resourceKindKey": "Datastore"
         }
      ]
   },
   "uuid": "e255a253-ef0c-4854-8970-c71c3c272b69"
}