{
   "dashboards": [{
      "autoswitchEnabled": false,
      "columnCount": 1,
      "columnProportion": "1-1",
      "creationTime": 1620140046141,
      "dashboardNavigations": {},
      "description": "",
      "disabled": false,
      "gridsterMaxColumns": 12,
      "hidden": false,
      "homeTab": false,
      "id": "4c93c398-0006-44a5-b07d-eb8245a4358e",
      "importAttempts": 0,
      "importComplete": true,
      "lastUpdateTime": 1620422391089,
      "lastUpdateUserId": "340a8589-9ead-4e01-9f11-0429c53ff388",
      "locked": false,
      "name": "VMignite.com - VMware Appliances Monitoring",
      "rank": 0,
      "shared": false,
      "states": [],
      "temporary": false,
      "userId": "340a8589-9ead-4e01-9f11-0429c53ff388",
      "widgetInteractions": [
         {
            "type": "resourceId",
            "widgetIdProvider": "5c91f5dc-40da-4e17-b933-84e6ff537846",
            "widgetIdReceiver": "cd812e44-b072-42d2-9488-46cba2e48c3f"
         },
         {
            "type": "resourceId",
            "widgetIdProvider": "5c91f5dc-40da-4e17-b933-84e6ff537846",
            "widgetIdReceiver": "02b801f3-d473-4cf2-9c77-8f6608ef90b0"
         },
         {
            "type": "resourceId",
            "widgetIdProvider": "dcebfb69-4949-4636-9866-71328319ae83",
            "widgetIdReceiver": "cd812e44-b072-42d2-9488-46cba2e48c3f"
         },
         {
            "type": "resourceId",
            "widgetIdProvider": "dcebfb69-4949-4636-9866-71328319ae83",
            "widgetIdReceiver": "02b801f3-d473-4cf2-9c77-8f6608ef90b0"
         },
         {
            "type": "resourceId",
            "widgetIdProvider": "2d069a22-6e52-40f0-85e6-c9f091437edd",
            "widgetIdReceiver": "cd812e44-b072-42d2-9488-46cba2e48c3f"
         },
         {
            "type": "resourceId",
            "widgetIdProvider": "2d069a22-6e52-40f0-85e6-c9f091437edd",
            "widgetIdReceiver": "02b801f3-d473-4cf2-9c77-8f6608ef90b0"
         },
         {
            "type": "resourceId",
            "widgetIdProvider": "8c54bb0d-784c-4002-92ad-b5a13b6fe181",
            "widgetIdReceiver": "cd812e44-b072-42d2-9488-46cba2e48c3f"
         },
         {
            "type": "resourceId",
            "widgetIdProvider": "8c54bb0d-784c-4002-92ad-b5a13b6fe181",
            "widgetIdReceiver": "02b801f3-d473-4cf2-9c77-8f6608ef90b0"
         },
         {
            "type": "resourceId",
            "widgetIdProvider": "a51e45fa-1509-4b16-aaf4-f4c1d0130902",
            "widgetIdReceiver": "cd812e44-b072-42d2-9488-46cba2e48c3f"
         },
         {
            "type": "resourceId",
            "widgetIdProvider": "a51e45fa-1509-4b16-aaf4-f4c1d0130902",
            "widgetIdReceiver": "02b801f3-d473-4cf2-9c77-8f6608ef90b0"
         },
         {
            "type": "resourceId",
            "widgetIdProvider": "d2ed2ce2-70b1-4c7f-8faf-e82fc2147cd6",
            "widgetIdReceiver": "cd812e44-b072-42d2-9488-46cba2e48c3f"
         },
         {
            "type": "resourceId",
            "widgetIdProvider": "d2ed2ce2-70b1-4c7f-8faf-e82fc2147cd6",
            "widgetIdReceiver": "02b801f3-d473-4cf2-9c77-8f6608ef90b0"
         },
         {
            "type": "resourceId",
            "widgetIdProvider": "189f7789-1b0e-4b01-90d7-da8bac50a082",
            "widgetIdReceiver": "cd812e44-b072-42d2-9488-46cba2e48c3f"
         },
         {
            "type": "resourceId",
            "widgetIdProvider": "189f7789-1b0e-4b01-90d7-da8bac50a082",
            "widgetIdReceiver": "02b801f3-d473-4cf2-9c77-8f6608ef90b0"
         },
         {
            "type": "resourceId",
            "widgetIdProvider": "914637bd-05ab-4daf-a57c-2f173b736349",
            "widgetIdReceiver": "cd812e44-b072-42d2-9488-46cba2e48c3f"
         },
         {
            "type": "resourceId",
            "widgetIdProvider": "914637bd-05ab-4daf-a57c-2f173b736349",
            "widgetIdReceiver": "02b801f3-d473-4cf2-9c77-8f6608ef90b0"
         },
         {
            "type": "resourceId",
            "widgetIdProvider": "05f01224-2b8d-4dd3-a8ec-366772b7cefe",
            "widgetIdReceiver": "cd812e44-b072-42d2-9488-46cba2e48c3f"
         },
         {
            "type": "resourceId",
            "widgetIdProvider": "05f01224-2b8d-4dd3-a8ec-366772b7cefe",
            "widgetIdReceiver": "02b801f3-d473-4cf2-9c77-8f6608ef90b0"
         },
         {
            "type": "resourceId",
            "widgetIdProvider": "b58ea585-fcd7-4546-b869-02e5787ff0b7",
            "widgetIdReceiver": "cd812e44-b072-42d2-9488-46cba2e48c3f"
         },
         {
            "type": "resourceId",
            "widgetIdProvider": "b58ea585-fcd7-4546-b869-02e5787ff0b7",
            "widgetIdReceiver": "02b801f3-d473-4cf2-9c77-8f6608ef90b0"
         },
         {
            "type": "resourceId",
            "widgetIdProvider": "97c9b722-5588-4287-87e6-64f1accaee9a",
            "widgetIdReceiver": "cd812e44-b072-42d2-9488-46cba2e48c3f"
         },
         {
            "type": "resourceId",
            "widgetIdProvider": "97c9b722-5588-4287-87e6-64f1accaee9a",
            "widgetIdReceiver": "02b801f3-d473-4cf2-9c77-8f6608ef90b0"
         },
         {
            "type": "resourceId",
            "widgetIdProvider": "c36ac341-5f51-4b9a-a115-f80654b52632",
            "widgetIdReceiver": "cd812e44-b072-42d2-9488-46cba2e48c3f"
         },
         {
            "type": "resourceId",
            "widgetIdProvider": "c36ac341-5f51-4b9a-a115-f80654b52632",
            "widgetIdReceiver": "02b801f3-d473-4cf2-9c77-8f6608ef90b0"
         }
      ],
      "widgets": [
         {
            "collapsed": false,
            "config": {
               "chartViewItems": [],
               "isUpdatedView": true,
               "refreshContent": {"refreshContent": false},
               "refreshInterval": 300,
               "resource": {
                  "id": "Ext.vcops.chrome.model.Resource-2",
                  "resourceId": "resource:id:0_::_",
                  "resourceKindId": "002006VMWAREvSphere World",
                  "resourceName": "vSphere World",
                  "traversalSpecId": ""
               },
               "selectFirstRow": {"selectFirstRow": false},
               "selfProvider": {"selfProvider": true},
               "title": "vCenter Server",
               "traversalSpecId": null,
               "viewDefinitionId": "c70d1c30-5173-450a-8a6c-bf4a8a77a374"
            },
            "gridsterCoords": {
               "h": 6,
               "w": 12,
               "x": 1,
               "y": 1
            },
            "height": 324,
            "id": "5c91f5dc-40da-4e17-b933-84e6ff537846",
            "title": "vCenter Server",
            "type": "View"
         },
         {
            "collapsed": false,
            "config": {
               "chartViewItems": [],
               "isUpdatedView": true,
               "refreshContent": {"refreshContent": false},
               "refreshInterval": 300,
               "resource": {
                  "id": "Ext.vcops.chrome.model.Resource-11",
                  "resourceId": "resource:id:0_::_",
                  "resourceKindId": "002006VMWAREvSphere World",
                  "resourceName": "vSphere World",
                  "traversalSpecId": ""
               },
               "selectFirstRow": {"selectFirstRow": false},
               "selfProvider": {"selfProvider": true},
               "title": "vRealize Operations Manager (vROPS)",
               "traversalSpecId": null,
               "viewDefinitionId": "ac8d3833-3d0f-458a-8fe5-5074ec24c58f"
            },
            "gridsterCoords": {
               "h": 6,
               "w": 12,
               "x": 1,
               "y": 19
            },
            "height": 324,
            "id": "8c54bb0d-784c-4002-92ad-b5a13b6fe181",
            "title": "vRealize Operations Manager (vROPS)",
            "type": "View"
         },
         {
            "collapsed": false,
            "config": {
               "chartViewItems": [],
               "isUpdatedView": true,
               "refreshContent": {"refreshContent": false},
               "refreshInterval": 300,
               "resource": {
                  "id": "Ext.vcops.chrome.model.Resource-12",
                  "resourceId": "resource:id:0_::_",
                  "resourceKindId": "002006VMWAREvSphere World",
                  "resourceName": "vSphere World",
                  "traversalSpecId": ""
               },
               "selectFirstRow": {"selectFirstRow": false},
               "selfProvider": {"selfProvider": true},
               "title": "vRealize Log Insight (vRLI)",
               "traversalSpecId": null,
               "viewDefinitionId": "31030471-267d-43a7-ac26-a26ebd2d8fde"
            },
            "gridsterCoords": {
               "h": 6,
               "w": 12,
               "x": 1,
               "y": 25
            },
            "height": 324,
            "id": "a51e45fa-1509-4b16-aaf4-f4c1d0130902",
            "title": "vRealize Log Insight (vRLI)",
            "type": "View"
         },
         {
            "collapsed": false,
            "config": {
               "chartViewItems": [],
               "isUpdatedView": true,
               "refreshContent": {"refreshContent": false},
               "refreshInterval": 300,
               "resource": {
                  "id": "Ext.vcops.chrome.model.Resource-9",
                  "resourceId": "resource:id:0_::_",
                  "resourceKindId": "002006VMWAREvSphere World",
                  "resourceName": "vSphere World",
                  "traversalSpecId": ""
               },
               "selectFirstRow": {"selectFirstRow": false},
               "selfProvider": {"selfProvider": true},
               "title": "vRealize Orchestrator (vRO)",
               "traversalSpecId": null,
               "viewDefinitionId": "08d3a12a-a084-4427-b9bc-27995fa1917d"
            },
            "gridsterCoords": {
               "h": 6,
               "w": 12,
               "x": 1,
               "y": 31
            },
            "height": 324,
            "id": "d2ed2ce2-70b1-4c7f-8faf-e82fc2147cd6",
            "title": "vRealize Orchestrator (vRO)",
            "type": "View"
         },
         {
            "collapsed": false,
            "config": {
               "chartViewItems": [],
               "isUpdatedView": true,
               "refreshContent": {"refreshContent": false},
               "refreshInterval": 300,
               "resource": {
                  "id": "Ext.vcops.chrome.model.Resource-8",
                  "resourceId": "resource:id:0_::_",
                  "resourceKindId": "002006VMWAREvSphere World",
                  "resourceName": "vSphere World",
                  "traversalSpecId": ""
               },
               "selectFirstRow": {"selectFirstRow": false},
               "selfProvider": {"selfProvider": true},
               "title": "vRealize Life Cycle Manager (vLCM)",
               "traversalSpecId": null,
               "viewDefinitionId": "03473f96-1456-4a29-90f8-f2e3ea8a4ac7"
            },
            "gridsterCoords": {
               "h": 6,
               "w": 12,
               "x": 1,
               "y": 37
            },
            "height": 324,
            "id": "189f7789-1b0e-4b01-90d7-da8bac50a082",
            "title": "vRealize Life Cycle Manager (vLCM)",
            "type": "View"
         },
         {
            "collapsed": false,
            "config": {
               "chartViewItems": [],
               "isUpdatedView": true,
               "refreshContent": {"refreshContent": false},
               "refreshInterval": 300,
               "resource": {
                  "id": "Ext.vcops.chrome.model.Resource-10",
                  "resourceId": "resource:id:0_::_",
                  "resourceKindId": "002006VMWAREvSphere World",
                  "resourceName": "vSphere World",
                  "traversalSpecId": ""
               },
               "selectFirstRow": {"selectFirstRow": false},
               "selfProvider": {"selfProvider": true},
               "title": "vRealize Network Insight (vRNI)",
               "traversalSpecId": null,
               "viewDefinitionId": "81ed4502-d0d6-4eab-8455-c988134bb67a"
            },
            "gridsterCoords": {
               "h": 6,
               "w": 12,
               "x": 1,
               "y": 43
            },
            "height": 324,
            "id": "914637bd-05ab-4daf-a57c-2f173b736349",
            "title": "vRealize Network Insight (vRNI)",
            "type": "View"
         },
         {
            "collapsed": false,
            "config": {
               "chartViewItems": [],
               "isUpdatedView": true,
               "refreshContent": {"refreshContent": false},
               "refreshInterval": 300,
               "resource": {
                  "id": "Ext.vcops.chrome.model.Resource-14",
                  "resourceId": "resource:id:0_::_",
                  "resourceKindId": "002006VMWAREvSphere World",
                  "resourceName": "vSphere World",
                  "traversalSpecId": ""
               },
               "selectFirstRow": {"selectFirstRow": false},
               "selfProvider": {"selfProvider": true},
               "title": "Work Space One / Identity Manager (vIDM)",
               "traversalSpecId": null,
               "viewDefinitionId": "89b6d668-0e04-4d80-9a11-bc971a8a16f4"
            },
            "gridsterCoords": {
               "h": 6,
               "w": 12,
               "x": 1,
               "y": 55
            },
            "height": 324,
            "id": "b58ea585-fcd7-4546-b869-02e5787ff0b7",
            "title": "Work Space One / Identity Manager (vIDM)",
            "type": "View"
         },
         {
            "collapsed": false,
            "config": {
               "chartViewItems": [],
               "isUpdatedView": true,
               "refreshContent": {"refreshContent": false},
               "refreshInterval": 300,
               "resource": {
                  "id": "Ext.vcops.chrome.model.Resource-6",
                  "resourceId": "resource:id:0_::_",
                  "resourceKindId": "002006VMWAREvSphere World",
                  "resourceName": "vSphere World",
                  "traversalSpecId": ""
               },
               "selectFirstRow": {"selectFirstRow": false},
               "selfProvider": {"selfProvider": true},
               "title": "vRealize Automation (VRA)",
               "traversalSpecId": null,
               "viewDefinitionId": "111c68f5-f96b-4fee-8552-faed5b1a4041"
            },
            "gridsterCoords": {
               "h": 6,
               "w": 12,
               "x": 1,
               "y": 13
            },
            "height": 324,
            "id": "dcebfb69-4949-4636-9866-71328319ae83",
            "title": "vRealize Automation (VRA)",
            "type": "View"
         },
         {
            "collapsed": false,
            "config": {
               "chartViewItems": [],
               "isUpdatedView": true,
               "refreshContent": {"refreshContent": false},
               "refreshInterval": 300,
               "resource": {
                  "id": "Ext.vcops.chrome.model.Resource-13",
                  "resourceId": "resource:id:0_::_",
                  "resourceKindId": "002006VMWAREvSphere World",
                  "resourceName": "vSphere World",
                  "traversalSpecId": ""
               },
               "selectFirstRow": {"selectFirstRow": false},
               "selfProvider": {"selfProvider": true},
               "title": "vRealize NSX/NSX-T",
               "traversalSpecId": null,
               "viewDefinitionId": "6da3459c-4700-4c5d-8279-1c491f29e203"
            },
            "gridsterCoords": {
               "h": 6,
               "w": 12,
               "x": 1,
               "y": 7
            },
            "height": 324,
            "id": "2d069a22-6e52-40f0-85e6-c9f091437edd",
            "title": "vRealize NSX/NSX-T",
            "type": "View"
         },
         {
            "collapsed": false,
            "config": {
               "chartViewItems": [],
               "isUpdatedView": true,
               "refreshContent": {"refreshContent": false},
               "refreshInterval": 300,
               "resource": {
                  "id": "Ext.vcops.chrome.model.Resource-15",
                  "resourceId": "resource:id:0_::_",
                  "resourceKindId": "002006VMWAREvSphere World",
                  "resourceName": "vSphere World",
                  "traversalSpecId": ""
               },
               "selectFirstRow": {"selectFirstRow": false},
               "selfProvider": {"selfProvider": true},
               "title": "vRealize Site Recovery Manager (SRM)",
               "traversalSpecId": null,
               "viewDefinitionId": "35d5fff0-bba8-49f5-ba39-631f9f4ab726"
            },
            "gridsterCoords": {
               "h": 6,
               "w": 12,
               "x": 1,
               "y": 49
            },
            "height": 324,
            "id": "05f01224-2b8d-4dd3-a8ec-366772b7cefe",
            "title": "vRealize Site Recovery Manager (SRM)",
            "type": "View"
         },
         {
            "collapsed": false,
            "config": {
               "chartViewItems": [],
               "isUpdatedView": true,
               "refreshContent": {"refreshContent": false},
               "refreshInterval": 300,
               "resource": {
                  "id": "Ext.vcops.chrome.model.Resource-16",
                  "resourceId": "resource:id:0_::_",
                  "resourceKindId": "002006VMWAREvSphere World",
                  "resourceName": "vSphere World",
                  "traversalSpecId": ""
               },
               "selectFirstRow": {"selectFirstRow": false},
               "selfProvider": {"selfProvider": true},
               "title": "vRealize Air Watch",
               "traversalSpecId": null,
               "viewDefinitionId": "8aba5dae-139a-4b05-82d3-fa5759f5a349"
            },
            "gridsterCoords": {
               "h": 6,
               "w": 12,
               "x": 1,
               "y": 61
            },
            "height": 324,
            "id": "97c9b722-5588-4287-87e6-64f1accaee9a",
            "title": "vRealize Air Watch",
            "type": "View"
         },
         {
            "collapsed": false,
            "config": {
               "chartViewItems": [],
               "isUpdatedView": true,
               "refreshContent": {"refreshContent": false},
               "refreshInterval": 300,
               "resource": {
                  "id": "Ext.vcops.chrome.model.Resource-17",
                  "resourceId": "resource:id:0_::_",
                  "resourceKindId": "002006VMWAREvSphere World",
                  "resourceName": "vSphere World",
                  "traversalSpecId": ""
               },
               "selectFirstRow": {"selectFirstRow": false},
               "selfProvider": {"selfProvider": true},
               "title": "Cloud Proxy/Connectors",
               "traversalSpecId": null,
               "viewDefinitionId": "1529f4a3-4cae-4928-97a1-ce3983ebfa4f"
            },
            "gridsterCoords": {
               "h": 6,
               "w": 12,
               "x": 1,
               "y": 67
            },
            "height": 324,
            "id": "c36ac341-5f51-4b9a-a115-f80654b52632",
            "title": "Cloud Proxy/Connectors",
            "type": "View"
         },
         {
            "collapsed": false,
            "config": {
               "chartViewItems": [],
               "isUpdatedView": true,
               "refreshContent": {"refreshContent": false},
               "refreshInterval": 300,
               "resource": null,
               "selectFirstRow": {"selectFirstRow": false},
               "selfProvider": {"selfProvider": false},
               "title": "VM Properties",
               "traversalSpecId": "",
               "viewDefinitionId": "b01e73ba-bc68-4919-b270-d2264ba92fa6"
            },
            "gridsterCoords": {
               "h": 30,
               "w": 4,
               "x": 9,
               "y": 73
            },
            "height": 1692,
            "id": "02b801f3-d473-4cf2-9c77-8f6608ef90b0",
            "title": "VM Properties",
            "type": "View"
         },
         {
            "collapsed": false,
            "config": {
               "impactedBadge": "",
               "refreshContent": {"refreshContent": false},
               "refreshInterval": 300,
               "relationshipMode": {"relationshipMode": 0},
               "resource": null,
               "selfProvider": {"selfProvider": false},
               "title": "Alerts (Select any VM from above)",
               "topIssuesDisplayLimit": 10
            },
            "gridsterCoords": {
               "h": 7,
               "w": 8,
               "x": 1,
               "y": 73
            },
            "height": 381,
            "id": "cd812e44-b072-42d2-9488-46cba2e48c3f",
            "title": "Alerts (Select any VM from above)",
            "type": "ProblemAlertsList"
         }
      ]
   }],
   "entries": {"resource": [{
      "adapterKindKey": "VMWARE",
      "identifiers": [],
      "internalId": "resource:id:0_::_",
      "name": "vSphere World",
      "resourceKindKey": "vSphere World"
   }]},
   "uuid": "76793268-75b3-413c-b14a-82adf0073560"
}